file,predict
data/natural_images/car/car_0202.jpg,car
data/natural_images/car/car_0375.jpg,car
data/natural_images/car/car_0921.jpg,car
data/natural_images/car/car_0637.jpg,car
data/natural_images/car/car_0293.jpg,car
data/natural_images/car/car_0575.jpg,person
data/natural_images/car/car_0218.jpg,car
data/natural_images/car/car_0765.jpg,car
data/natural_images/car/car_0346.jpg,dog
data/natural_images/car/car_0034.jpg,car
data/natural_images/car/car_0019.jpg,car
data/natural_images/car/car_0693.jpg,car
data/natural_images/car/car_0073.jpg,car
data/natural_images/car/car_0428.jpg,car
data/natural_images/car/car_0914.jpg,car
data/natural_images/car/car_0630.jpg,car
data/natural_images/car/car_0506.jpg,car
data/natural_images/car/car_0287.jpg,car
data/natural_images/car/car_0849.jpg,car
data/natural_images/car/car_0401.jpg,flower
data/natural_images/car/car_0839.jpg,car
data/natural_images/car/car_0912.jpg,car
data/natural_images/car/car_0625.jpg,car
data/natural_images/car/car_0173.jpg,car
data/natural_images/car/car_0687.jpg,car
data/natural_images/car/car_0468.jpg,car
data/natural_images/car/car_0421.jpg,car
data/natural_images/car/car_0539.jpg,car
data/natural_images/car/car_0574.jpg,car
data/natural_images/car/car_0718.jpg,car
data/natural_images/car/car_0753.jpg,car
data/natural_images/car/car_0619.jpg,dog
data/natural_images/car/car_0440.jpg,car
data/natural_images/car/car_0194.jpg,car
data/natural_images/car/car_0349.jpg,car
data/natural_images/car/car_0035.jpg,car
data/natural_images/car/car_0650.jpg,car
data/natural_images/car/car_0925.jpg,car
data/natural_images/car/car_0783.jpg,car
data/natural_images/car/car_0010.jpg,car
data/natural_images/car/car_0818.jpg,car
data/natural_images/car/car_0445.jpg,car
data/natural_images/car/car_0537.jpg,car
data/natural_images/car/car_0297.jpg,flower
data/natural_images/car/car_0223.jpg,car
data/natural_images/car/car_0565.jpg,car
data/natural_images/car/car_0341.jpg,car
data/natural_images/car/car_0190.jpg,car
data/natural_images/car/car_0555.jpg,car
data/natural_images/car/car_0217.jpg,car
data/natural_images/car/car_0213.jpg,car
data/natural_images/car/car_0587.jpg,car
data/natural_images/car/car_0053.jpg,car
data/natural_images/car/car_0920.jpg,car
data/natural_images/car/car_0259.jpg,flower
data/natural_images/car/car_0683.jpg,cat
data/natural_images/car/car_0938.jpg,car
data/natural_images/car/car_0492.jpg,car
data/natural_images/car/car_0535.jpg,cat
data/natural_images/car/car_0042.jpg,car
data/natural_images/car/car_0367.jpg,car
data/natural_images/car/car_0453.jpg,car
data/natural_images/car/car_0109.jpg,car
data/natural_images/car/car_0066.jpg,car
data/natural_images/car/car_0207.jpg,dog
data/natural_images/car/car_0751.jpg,car
data/natural_images/car/car_0013.jpg,car
data/natural_images/car/car_0288.jpg,car
data/natural_images/car/car_0467.jpg,car
data/natural_images/car/car_0507.jpg,car
data/natural_images/car/car_0618.jpg,car
data/natural_images/car/car_0698.jpg,car
data/natural_images/car/car_0051.jpg,car
data/natural_images/car/car_0270.jpg,car
data/natural_images/car/car_0664.jpg,car
data/natural_images/car/car_0470.jpg,car
data/natural_images/car/car_0612.jpg,fruit
data/natural_images/car/car_0262.jpg,car
data/natural_images/car/car_0875.jpg,car
data/natural_images/car/car_0132.jpg,car
data/natural_images/car/car_0929.jpg,car
data/natural_images/car/car_0762.jpg,car
data/natural_images/car/car_0517.jpg,cat
data/natural_images/car/car_0712.jpg,cat
data/natural_images/car/car_0691.jpg,car
data/natural_images/car/car_0026.jpg,airplane
data/natural_images/car/car_0209.jpg,car
data/natural_images/car/car_0840.jpg,car
data/natural_images/car/car_0373.jpg,cat
data/natural_images/car/car_0524.jpg,dog
data/natural_images/car/car_0266.jpg,car
data/natural_images/car/car_0089.jpg,car
data/natural_images/car/car_0733.jpg,flower
data/natural_images/car/car_0793.jpg,car
data/natural_images/car/car_0896.jpg,car
data/natural_images/car/car_0454.jpg,car
data/natural_images/car/car_0094.jpg,car
data/natural_images/car/car_0063.jpg,car
data/natural_images/car/car_0622.jpg,car
data/natural_images/car/car_0229.jpg,car
data/natural_images/car/car_0461.jpg,car
data/natural_images/car/car_0634.jpg,car
data/natural_images/car/car_0867.jpg,car
data/natural_images/car/car_0095.jpg,car
data/natural_images/car/car_0362.jpg,car
data/natural_images/car/car_0331.jpg,car
data/natural_images/car/car_0580.jpg,car
data/natural_images/car/car_0666.jpg,airplane
data/natural_images/car/car_0673.jpg,car
data/natural_images/car/car_0511.jpg,car
data/natural_images/car/car_0894.jpg,car
data/natural_images/car/car_0225.jpg,car
data/natural_images/car/car_0719.jpg,car
data/natural_images/car/car_0827.jpg,car
data/natural_images/car/car_0431.jpg,car
data/natural_images/car/car_0613.jpg,car
data/natural_images/car/car_0772.jpg,car
data/natural_images/car/car_0597.jpg,dog
data/natural_images/car/car_0337.jpg,car
data/natural_images/car/car_0249.jpg,car
data/natural_images/car/car_0820.jpg,car
data/natural_images/car/car_0715.jpg,flower
data/natural_images/car/car_0449.jpg,car
data/natural_images/car/car_0608.jpg,airplane
data/natural_images/car/car_0180.jpg,car
data/natural_images/car/car_0031.jpg,dog
data/natural_images/car/car_0828.jpg,dog
data/natural_images/car/car_0402.jpg,car
data/natural_images/car/car_0254.jpg,car
data/natural_images/car/car_0822.jpg,dog
data/natural_images/car/car_0949.jpg,car
data/natural_images/car/car_0879.jpg,car
data/natural_images/car/car_0182.jpg,car
data/natural_images/car/car_0006.jpg,car
data/natural_images/car/car_0600.jpg,car
data/natural_images/car/car_0954.jpg,car
data/natural_images/car/car_0646.jpg,car
data/natural_images/car/car_0471.jpg,car
data/natural_images/car/car_0085.jpg,car
data/natural_images/car/car_0752.jpg,car
data/natural_images/car/car_0472.jpg,car
data/natural_images/car/car_0696.jpg,car
data/natural_images/car/car_0163.jpg,car
data/natural_images/car/car_0273.jpg,car
data/natural_images/car/car_0277.jpg,car
data/natural_images/car/car_0311.jpg,car
data/natural_images/car/car_0515.jpg,car
data/natural_images/car/car_0058.jpg,car
data/natural_images/car/car_0198.jpg,car
data/natural_images/car/car_0655.jpg,car
data/natural_images/car/car_0560.jpg,car
data/natural_images/car/car_0802.jpg,car
data/natural_images/car/car_0385.jpg,car
data/natural_images/car/car_0423.jpg,car
data/natural_images/car/car_0764.jpg,airplane
data/natural_images/car/car_0669.jpg,car
data/natural_images/car/car_0004.jpg,car
data/natural_images/car/car_0486.jpg,car
data/natural_images/car/car_0672.jpg,dog
data/natural_images/car/car_0761.jpg,car
data/natural_images/car/car_0710.jpg,car
data/natural_images/car/car_0614.jpg,car
data/natural_images/car/car_0940.jpg,car
data/natural_images/car/car_0176.jpg,car
data/natural_images/car/car_0777.jpg,car
data/natural_images/car/car_0551.jpg,car
data/natural_images/car/car_0247.jpg,car
data/natural_images/car/car_0342.jpg,car
data/natural_images/car/car_0404.jpg,car
data/natural_images/car/car_0878.jpg,flower
data/natural_images/car/car_0904.jpg,car
data/natural_images/car/car_0706.jpg,car
data/natural_images/car/car_0804.jpg,car
data/natural_images/car/car_0214.jpg,car
data/natural_images/car/car_0298.jpg,car
data/natural_images/car/car_0139.jpg,car
data/natural_images/car/car_0390.jpg,car
data/natural_images/car/car_0716.jpg,car
data/natural_images/car/car_0473.jpg,car
data/natural_images/car/car_0842.jpg,motorbike
data/natural_images/car/car_0289.jpg,car
data/natural_images/car/car_0355.jpg,car
data/natural_images/car/car_0547.jpg,car
data/natural_images/car/car_0887.jpg,car
data/natural_images/car/car_0743.jpg,car
data/natural_images/car/car_0784.jpg,car
data/natural_images/car/car_0890.jpg,car
data/natural_images/car/car_0107.jpg,car
data/natural_images/car/car_0204.jpg,car
data/natural_images/car/car_0071.jpg,car
data/natural_images/car/car_0735.jpg,car
data/natural_images/car/car_0525.jpg,car
data/natural_images/car/car_0086.jpg,car
data/natural_images/car/car_0317.jpg,car
data/natural_images/dog/dog_0612.jpg,cat
data/natural_images/dog/dog_0507.jpg,dog
data/natural_images/dog/dog_0650.jpg,person
data/natural_images/dog/dog_0052.jpg,airplane
data/natural_images/dog/dog_0012.jpg,dog
data/natural_images/dog/dog_0593.jpg,cat
data/natural_images/dog/dog_0157.jpg,dog
data/natural_images/dog/dog_0627.jpg,flower
data/natural_images/dog/dog_0068.jpg,dog
data/natural_images/dog/dog_0014.jpg,cat
data/natural_images/dog/dog_0260.jpg,dog
data/natural_images/dog/dog_0327.jpg,flower
data/natural_images/dog/dog_0587.jpg,dog
data/natural_images/dog/dog_0158.jpg,flower
data/natural_images/dog/dog_0020.jpg,cat
data/natural_images/dog/dog_0273.jpg,dog
data/natural_images/dog/dog_0159.jpg,flower
data/natural_images/dog/dog_0009.jpg,flower
data/natural_images/dog/dog_0458.jpg,dog
data/natural_images/dog/dog_0626.jpg,dog
data/natural_images/dog/dog_0254.jpg,flower
data/natural_images/dog/dog_0425.jpg,cat
data/natural_images/dog/dog_0313.jpg,motorbike
data/natural_images/dog/dog_0197.jpg,flower
data/natural_images/dog/dog_0163.jpg,car
data/natural_images/dog/dog_0468.jpg,airplane
data/natural_images/dog/dog_0367.jpg,cat
data/natural_images/dog/dog_0590.jpg,dog
data/natural_images/dog/dog_0437.jpg,dog
data/natural_images/dog/dog_0340.jpg,motorbike
data/natural_images/dog/dog_0374.jpg,fruit
data/natural_images/dog/dog_0028.jpg,dog
data/natural_images/dog/dog_0554.jpg,flower
data/natural_images/dog/dog_0297.jpg,dog
data/natural_images/dog/dog_0016.jpg,dog
data/natural_images/dog/dog_0151.jpg,dog
data/natural_images/dog/dog_0605.jpg,dog
data/natural_images/dog/dog_0178.jpg,dog
data/natural_images/dog/dog_0596.jpg,car
data/natural_images/dog/dog_0266.jpg,dog
data/natural_images/dog/dog_0436.jpg,flower
data/natural_images/dog/dog_0674.jpg,dog
data/natural_images/dog/dog_0532.jpg,dog
data/natural_images/dog/dog_0383.jpg,flower
data/natural_images/dog/dog_0420.jpg,cat
data/natural_images/dog/dog_0670.jpg,dog
data/natural_images/dog/dog_0556.jpg,dog
data/natural_images/dog/dog_0072.jpg,dog
data/natural_images/dog/dog_0132.jpg,cat
data/natural_images/dog/dog_0486.jpg,dog
data/natural_images/dog/dog_0499.jpg,dog
data/natural_images/dog/dog_0573.jpg,car
data/natural_images/dog/dog_0371.jpg,cat
data/natural_images/dog/dog_0090.jpg,dog
data/natural_images/dog/dog_0563.jpg,flower
data/natural_images/dog/dog_0558.jpg,cat
data/natural_images/dog/dog_0164.jpg,dog
data/natural_images/dog/dog_0385.jpg,flower
data/natural_images/dog/dog_0000.jpg,flower
data/natural_images/dog/dog_0433.jpg,cat
data/natural_images/dog/dog_0098.jpg,dog
data/natural_images/dog/dog_0595.jpg,dog
data/natural_images/dog/dog_0033.jpg,dog
data/natural_images/dog/dog_0656.jpg,cat
data/natural_images/dog/dog_0201.jpg,dog
data/natural_images/dog/dog_0688.jpg,flower
data/natural_images/dog/dog_0060.jpg,fruit
data/natural_images/dog/dog_0455.jpg,dog
data/natural_images/dog/dog_0435.jpg,cat
data/natural_images/dog/dog_0237.jpg,dog
data/natural_images/dog/dog_0053.jpg,cat
data/natural_images/dog/dog_0555.jpg,car
data/natural_images/dog/dog_0035.jpg,car
data/natural_images/dog/dog_0225.jpg,cat
data/natural_images/dog/dog_0262.jpg,cat
data/natural_images/dog/dog_0104.jpg,dog
data/natural_images/dog/dog_0286.jpg,dog
data/natural_images/dog/dog_0248.jpg,cat
data/natural_images/dog/dog_0671.jpg,dog
data/natural_images/dog/dog_0360.jpg,dog
data/natural_images/dog/dog_0107.jpg,cat
data/natural_images/dog/dog_0566.jpg,dog
data/natural_images/dog/dog_0070.jpg,person
data/natural_images/dog/dog_0469.jpg,motorbike
data/natural_images/dog/dog_0643.jpg,dog
data/natural_images/dog/dog_0493.jpg,person
data/natural_images/dog/dog_0265.jpg,cat
data/natural_images/dog/dog_0639.jpg,airplane
data/natural_images/dog/dog_0217.jpg,dog
data/natural_images/dog/dog_0127.jpg,dog
data/natural_images/dog/dog_0428.jpg,flower
data/natural_images/dog/dog_0333.jpg,dog
data/natural_images/dog/dog_0188.jpg,cat
data/natural_images/dog/dog_0173.jpg,dog
data/natural_images/dog/dog_0583.jpg,flower
data/natural_images/dog/dog_0366.jpg,dog
data/natural_images/dog/dog_0510.jpg,cat
data/natural_images/dog/dog_0552.jpg,cat
data/natural_images/dog/dog_0113.jpg,dog
data/natural_images/dog/dog_0228.jpg,dog
data/natural_images/dog/dog_0032.jpg,flower
data/natural_images/dog/dog_0042.jpg,cat
data/natural_images/dog/dog_0386.jpg,cat
data/natural_images/dog/dog_0161.jpg,cat
data/natural_images/dog/dog_0472.jpg,dog
data/natural_images/dog/dog_0663.jpg,dog
data/natural_images/dog/dog_0048.jpg,cat
data/natural_images/dog/dog_0574.jpg,flower
data/natural_images/dog/dog_0676.jpg,cat
data/natural_images/dog/dog_0206.jpg,dog
data/natural_images/dog/dog_0450.jpg,dog
data/natural_images/dog/dog_0210.jpg,dog
data/natural_images/dog/dog_0214.jpg,cat
data/natural_images/dog/dog_0189.jpg,flower
data/natural_images/dog/dog_0193.jpg,cat
data/natural_images/dog/dog_0106.jpg,dog
data/natural_images/dog/dog_0067.jpg,dog
data/natural_images/dog/dog_0092.jpg,dog
data/natural_images/dog/dog_0363.jpg,dog
data/natural_images/dog/dog_0317.jpg,dog
data/natural_images/dog/dog_0331.jpg,dog
data/natural_images/dog/dog_0544.jpg,cat
data/natural_images/dog/dog_0654.jpg,cat
data/natural_images/dog/dog_0651.jpg,flower
data/natural_images/dog/dog_0275.jpg,dog
data/natural_images/dog/dog_0581.jpg,dog
data/natural_images/dog/dog_0614.jpg,cat
data/natural_images/dog/dog_0082.jpg,cat
data/natural_images/dog/dog_0155.jpg,dog
data/natural_images/dog/dog_0526.jpg,car
data/natural_images/dog/dog_0580.jpg,dog
data/natural_images/dog/dog_0036.jpg,flower
data/natural_images/dog/dog_0105.jpg,flower
data/natural_images/dog/dog_0232.jpg,dog
data/natural_images/dog/dog_0312.jpg,cat
data/natural_images/dog/dog_0021.jpg,dog
data/natural_images/dog/dog_0684.jpg,dog
data/natural_images/dog/dog_0419.jpg,flower
data/natural_images/dog/dog_0370.jpg,dog
data/natural_images/dog/dog_0026.jpg,cat
data/natural_images/dog/dog_0267.jpg,dog
data/natural_images/flower/flower_0256.jpg,flower
data/natural_images/flower/flower_0217.jpg,flower
data/natural_images/flower/flower_0171.jpg,flower
data/natural_images/flower/flower_0466.jpg,car
data/natural_images/flower/flower_0152.jpg,car
data/natural_images/flower/flower_0503.jpg,flower
data/natural_images/flower/flower_0169.jpg,motorbike
data/natural_images/flower/flower_0423.jpg,flower
data/natural_images/flower/flower_0185.jpg,car
data/natural_images/flower/flower_0069.jpg,flower
data/natural_images/flower/flower_0633.jpg,flower
data/natural_images/flower/flower_0793.jpg,cat
data/natural_images/flower/flower_0480.jpg,flower
data/natural_images/flower/flower_0782.jpg,flower
data/natural_images/flower/flower_0668.jpg,dog
data/natural_images/flower/flower_0749.jpg,flower
data/natural_images/flower/flower_0698.jpg,flower
data/natural_images/flower/flower_0282.jpg,cat
data/natural_images/flower/flower_0479.jpg,flower
data/natural_images/flower/flower_0724.jpg,flower
data/natural_images/flower/flower_0379.jpg,flower
data/natural_images/flower/flower_0147.jpg,cat
data/natural_images/flower/flower_0341.jpg,person
data/natural_images/flower/flower_0418.jpg,flower
data/natural_images/flower/flower_0384.jpg,cat
data/natural_images/flower/flower_0751.jpg,flower
data/natural_images/flower/flower_0265.jpg,flower
data/natural_images/flower/flower_0011.jpg,flower
data/natural_images/flower/flower_0289.jpg,flower
data/natural_images/flower/flower_0013.jpg,flower
data/natural_images/flower/flower_0359.jpg,flower
data/natural_images/flower/flower_0517.jpg,airplane
data/natural_images/flower/flower_0015.jpg,flower
data/natural_images/flower/flower_0776.jpg,dog
data/natural_images/flower/flower_0155.jpg,flower
data/natural_images/flower/flower_0813.jpg,car
data/natural_images/flower/flower_0396.jpg,flower
data/natural_images/flower/flower_0284.jpg,flower
data/natural_images/flower/flower_0771.jpg,cat
data/natural_images/flower/flower_0523.jpg,airplane
data/natural_images/flower/flower_0409.jpg,flower
data/natural_images/flower/flower_0076.jpg,flower
data/natural_images/flower/flower_0327.jpg,dog
data/natural_images/flower/flower_0216.jpg,flower
data/natural_images/flower/flower_0088.jpg,cat
data/natural_images/flower/flower_0455.jpg,cat
data/natural_images/flower/flower_0053.jpg,dog
data/natural_images/flower/flower_0000.jpg,flower
data/natural_images/flower/flower_0539.jpg,flower
data/natural_images/flower/flower_0231.jpg,flower
data/natural_images/flower/flower_0094.jpg,motorbike
data/natural_images/flower/flower_0681.jpg,car
data/natural_images/flower/flower_0260.jpg,flower
data/natural_images/flower/flower_0810.jpg,car
data/natural_images/flower/flower_0313.jpg,flower
data/natural_images/flower/flower_0728.jpg,flower
data/natural_images/flower/flower_0651.jpg,flower
data/natural_images/flower/flower_0703.jpg,flower
data/natural_images/flower/flower_0308.jpg,flower
data/natural_images/flower/flower_0247.jpg,flower
data/natural_images/flower/flower_0458.jpg,flower
data/natural_images/flower/flower_0756.jpg,dog
data/natural_images/flower/flower_0742.jpg,flower
data/natural_images/flower/flower_0434.jpg,cat
data/natural_images/flower/flower_0790.jpg,flower
data/natural_images/flower/flower_0303.jpg,flower
data/natural_images/flower/flower_0554.jpg,cat
data/natural_images/flower/flower_0700.jpg,flower
data/natural_images/flower/flower_0364.jpg,flower
data/natural_images/flower/flower_0038.jpg,flower
data/natural_images/flower/flower_0704.jpg,dog
data/natural_images/flower/flower_0632.jpg,flower
data/natural_images/flower/flower_0804.jpg,flower
data/natural_images/flower/flower_0718.jpg,flower
data/natural_images/flower/flower_0332.jpg,flower
data/natural_images/flower/flower_0193.jpg,flower
data/natural_images/flower/flower_0774.jpg,fruit
data/natural_images/flower/flower_0838.jpg,person
data/natural_images/flower/flower_0413.jpg,dog
data/natural_images/flower/flower_0449.jpg,flower
data/natural_images/flower/flower_0285.jpg,flower
data/natural_images/flower/flower_0198.jpg,flower
data/natural_images/flower/flower_0246.jpg,flower
data/natural_images/flower/flower_0507.jpg,flower
data/natural_images/flower/flower_0404.jpg,cat
data/natural_images/flower/flower_0770.jpg,flower
data/natural_images/flower/flower_0115.jpg,flower
data/natural_images/flower/flower_0702.jpg,flower
data/natural_images/flower/flower_0357.jpg,dog
data/natural_images/flower/flower_0714.jpg,flower
data/natural_images/flower/flower_0263.jpg,flower
data/natural_images/flower/flower_0266.jpg,flower
data/natural_images/flower/flower_0290.jpg,cat
data/natural_images/flower/flower_0532.jpg,cat
data/natural_images/flower/flower_0831.jpg,dog
data/natural_images/flower/flower_0072.jpg,flower
data/natural_images/flower/flower_0785.jpg,flower
data/natural_images/flower/flower_0534.jpg,flower
data/natural_images/flower/flower_0727.jpg,cat
data/natural_images/flower/flower_0789.jpg,airplane
data/natural_images/flower/flower_0101.jpg,cat
data/natural_images/flower/flower_0796.jpg,cat
data/natural_images/flower/flower_0676.jpg,cat
data/natural_images/flower/flower_0787.jpg,flower
data/natural_images/flower/flower_0832.jpg,flower
data/natural_images/flower/flower_0082.jpg,flower
data/natural_images/flower/flower_0387.jpg,flower
data/natural_images/flower/flower_0608.jpg,flower
data/natural_images/flower/flower_0209.jpg,flower
data/natural_images/flower/flower_0293.jpg,flower
data/natural_images/flower/flower_0452.jpg,flower
data/natural_images/flower/flower_0626.jpg,flower
data/natural_images/flower/flower_0243.jpg,flower
data/natural_images/flower/flower_0625.jpg,flower
data/natural_images/flower/flower_0210.jpg,flower
data/natural_images/flower/flower_0078.jpg,flower
data/natural_images/flower/flower_0438.jpg,flower
data/natural_images/flower/flower_0835.jpg,flower
data/natural_images/flower/flower_0460.jpg,dog
data/natural_images/flower/flower_0623.jpg,flower
data/natural_images/flower/flower_0131.jpg,fruit
data/natural_images/flower/flower_0347.jpg,car
data/natural_images/flower/flower_0635.jpg,cat
data/natural_images/flower/flower_0781.jpg,motorbike
data/natural_images/flower/flower_0309.jpg,flower
data/natural_images/flower/flower_0429.jpg,cat
data/natural_images/flower/flower_0521.jpg,cat
data/natural_images/flower/flower_0162.jpg,flower
data/natural_images/flower/flower_0006.jpg,flower
data/natural_images/flower/flower_0638.jpg,cat
data/natural_images/flower/flower_0381.jpg,dog
data/natural_images/flower/flower_0696.jpg,flower
data/natural_images/flower/flower_0323.jpg,flower
data/natural_images/flower/flower_0604.jpg,flower
data/natural_images/flower/flower_0475.jpg,flower
data/natural_images/flower/flower_0300.jpg,flower
data/natural_images/flower/flower_0602.jpg,dog
data/natural_images/flower/flower_0168.jpg,flower
data/natural_images/flower/flower_0499.jpg,flower
data/natural_images/flower/flower_0648.jpg,flower
data/natural_images/flower/flower_0639.jpg,cat
data/natural_images/flower/flower_0629.jpg,flower
data/natural_images/flower/flower_0248.jpg,flower
data/natural_images/flower/flower_0564.jpg,flower
data/natural_images/flower/flower_0628.jpg,flower
data/natural_images/flower/flower_0652.jpg,flower
data/natural_images/flower/flower_0329.jpg,flower
data/natural_images/flower/flower_0661.jpg,dog
data/natural_images/flower/flower_0670.jpg,flower
data/natural_images/flower/flower_0425.jpg,flower
data/natural_images/flower/flower_0373.jpg,flower
data/natural_images/flower/flower_0114.jpg,flower
data/natural_images/flower/flower_0251.jpg,car
data/natural_images/flower/flower_0062.jpg,flower
data/natural_images/flower/flower_0399.jpg,flower
data/natural_images/flower/flower_0746.jpg,fruit
data/natural_images/flower/flower_0206.jpg,flower
data/natural_images/flower/flower_0699.jpg,cat
data/natural_images/flower/flower_0606.jpg,cat
data/natural_images/flower/flower_0545.jpg,flower
data/natural_images/flower/flower_0456.jpg,flower
data/natural_images/flower/flower_0483.jpg,flower
data/natural_images/flower/flower_0394.jpg,dog
data/natural_images/flower/flower_0610.jpg,flower
data/natural_images/flower/flower_0720.jpg,dog
data/natural_images/flower/flower_0211.jpg,flower
data/natural_images/flower/flower_0701.jpg,flower
data/natural_images/flower/flower_0275.jpg,flower
data/natural_images/flower/flower_0830.jpg,cat
data/natural_images/fruit/fruit_0594.jpg,fruit
data/natural_images/fruit/fruit_0078.jpg,fruit
data/natural_images/fruit/fruit_0026.jpg,fruit
data/natural_images/fruit/fruit_0096.jpg,fruit
data/natural_images/fruit/fruit_0146.jpg,fruit
data/natural_images/fruit/fruit_0815.jpg,fruit
data/natural_images/fruit/fruit_0033.jpg,fruit
data/natural_images/fruit/fruit_0285.jpg,fruit
data/natural_images/fruit/fruit_0603.jpg,fruit
data/natural_images/fruit/fruit_0764.jpg,fruit
data/natural_images/fruit/fruit_0160.jpg,fruit
data/natural_images/fruit/fruit_0023.jpg,fruit
data/natural_images/fruit/fruit_0892.jpg,fruit
data/natural_images/fruit/fruit_0201.jpg,fruit
data/natural_images/fruit/fruit_0530.jpg,fruit
data/natural_images/fruit/fruit_0565.jpg,fruit
data/natural_images/fruit/fruit_0720.jpg,fruit
data/natural_images/fruit/fruit_0943.jpg,fruit
data/natural_images/fruit/fruit_0804.jpg,fruit
data/natural_images/fruit/fruit_0782.jpg,fruit
data/natural_images/fruit/fruit_0863.jpg,fruit
data/natural_images/fruit/fruit_0314.jpg,fruit
data/natural_images/fruit/fruit_0191.jpg,fruit
data/natural_images/fruit/fruit_0742.jpg,fruit
data/natural_images/fruit/fruit_0270.jpg,fruit
data/natural_images/fruit/fruit_0620.jpg,fruit
data/natural_images/fruit/fruit_0523.jpg,fruit
data/natural_images/fruit/fruit_0910.jpg,fruit
data/natural_images/fruit/fruit_0935.jpg,fruit
data/natural_images/fruit/fruit_0664.jpg,fruit
data/natural_images/fruit/fruit_0063.jpg,flower
data/natural_images/fruit/fruit_0413.jpg,fruit
data/natural_images/fruit/fruit_0822.jpg,fruit
data/natural_images/fruit/fruit_0550.jpg,fruit
data/natural_images/fruit/fruit_0499.jpg,fruit
data/natural_images/fruit/fruit_0215.jpg,fruit
data/natural_images/fruit/fruit_0489.jpg,fruit
data/natural_images/fruit/fruit_0345.jpg,fruit
data/natural_images/fruit/fruit_0924.jpg,fruit
data/natural_images/fruit/fruit_0462.jpg,fruit
data/natural_images/fruit/fruit_0020.jpg,fruit
data/natural_images/fruit/fruit_0344.jpg,fruit
data/natural_images/fruit/fruit_0234.jpg,fruit
data/natural_images/fruit/fruit_0049.jpg,fruit
data/natural_images/fruit/fruit_0842.jpg,fruit
data/natural_images/fruit/fruit_0965.jpg,fruit
data/natural_images/fruit/fruit_0482.jpg,fruit
data/natural_images/fruit/fruit_0796.jpg,fruit
data/natural_images/fruit/fruit_0368.jpg,fruit
data/natural_images/fruit/fruit_0793.jpg,fruit
data/natural_images/fruit/fruit_0520.jpg,fruit
data/natural_images/fruit/fruit_0002.jpg,fruit
data/natural_images/fruit/fruit_0611.jpg,fruit
data/natural_images/fruit/fruit_0886.jpg,fruit
data/natural_images/fruit/fruit_0988.jpg,fruit
data/natural_images/fruit/fruit_0938.jpg,fruit
data/natural_images/fruit/fruit_0881.jpg,fruit
data/natural_images/fruit/fruit_0112.jpg,fruit
data/natural_images/fruit/fruit_0480.jpg,fruit
data/natural_images/fruit/fruit_0490.jpg,fruit
data/natural_images/fruit/fruit_0650.jpg,fruit
data/natural_images/fruit/fruit_0534.jpg,fruit
data/natural_images/fruit/fruit_0031.jpg,fruit
data/natural_images/fruit/fruit_0678.jpg,fruit
data/natural_images/fruit/fruit_0056.jpg,fruit
data/natural_images/fruit/fruit_0092.jpg,fruit
data/natural_images/fruit/fruit_0948.jpg,fruit
data/natural_images/fruit/fruit_0287.jpg,fruit
data/natural_images/fruit/fruit_0546.jpg,fruit
data/natural_images/fruit/fruit_0150.jpg,fruit
data/natural_images/fruit/fruit_0113.jpg,fruit
data/natural_images/fruit/fruit_0330.jpg,fruit
data/natural_images/fruit/fruit_0467.jpg,fruit
data/natural_images/fruit/fruit_0323.jpg,fruit
data/natural_images/fruit/fruit_0651.jpg,fruit
data/natural_images/fruit/fruit_0110.jpg,fruit
data/natural_images/fruit/fruit_0279.jpg,fruit
data/natural_images/fruit/fruit_0089.jpg,fruit
data/natural_images/fruit/fruit_0503.jpg,fruit
data/natural_images/fruit/fruit_0308.jpg,fruit
data/natural_images/fruit/fruit_0687.jpg,fruit
data/natural_images/fruit/fruit_0975.jpg,fruit
data/natural_images/fruit/fruit_0541.jpg,fruit
data/natural_images/fruit/fruit_0346.jpg,fruit
data/natural_images/fruit/fruit_0142.jpg,fruit
data/natural_images/fruit/fruit_0619.jpg,fruit
data/natural_images/fruit/fruit_0187.jpg,fruit
data/natural_images/fruit/fruit_0694.jpg,fruit
data/natural_images/fruit/fruit_0506.jpg,fruit
data/natural_images/fruit/fruit_0734.jpg,fruit
data/natural_images/fruit/fruit_0598.jpg,fruit
data/natural_images/fruit/fruit_0644.jpg,fruit
data/natural_images/fruit/fruit_0483.jpg,fruit
data/natural_images/fruit/fruit_0163.jpg,fruit
data/natural_images/fruit/fruit_0139.jpg,fruit
data/natural_images/fruit/fruit_0958.jpg,fruit
data/natural_images/fruit/fruit_0208.jpg,fruit
data/natural_images/fruit/fruit_0389.jpg,fruit
data/natural_images/fruit/fruit_0769.jpg,fruit
data/natural_images/fruit/fruit_0068.jpg,fruit
data/natural_images/fruit/fruit_0241.jpg,fruit
data/natural_images/fruit/fruit_0715.jpg,fruit
data/natural_images/fruit/fruit_0300.jpg,fruit
data/natural_images/fruit/fruit_0198.jpg,fruit
data/natural_images/fruit/fruit_0245.jpg,fruit
data/natural_images/fruit/fruit_0329.jpg,fruit
data/natural_images/fruit/fruit_0305.jpg,fruit
data/natural_images/fruit/fruit_0549.jpg,fruit
data/natural_images/fruit/fruit_0985.jpg,fruit
data/natural_images/fruit/fruit_0446.jpg,fruit
data/natural_images/fruit/fruit_0859.jpg,fruit
data/natural_images/fruit/fruit_0295.jpg,fruit
data/natural_images/fruit/fruit_0006.jpg,fruit
data/natural_images/fruit/fruit_0670.jpg,fruit
data/natural_images/fruit/fruit_0554.jpg,fruit
data/natural_images/fruit/fruit_0455.jpg,fruit
data/natural_images/fruit/fruit_0827.jpg,fruit
data/natural_images/fruit/fruit_0704.jpg,fruit
data/natural_images/fruit/fruit_0102.jpg,fruit
data/natural_images/fruit/fruit_0331.jpg,fruit
data/natural_images/fruit/fruit_0318.jpg,fruit
data/natural_images/fruit/fruit_0412.jpg,fruit
data/natural_images/fruit/fruit_0321.jpg,fruit
data/natural_images/fruit/fruit_0801.jpg,fruit
data/natural_images/fruit/fruit_0381.jpg,fruit
data/natural_images/fruit/fruit_0465.jpg,fruit
data/natural_images/fruit/fruit_0602.jpg,fruit
data/natural_images/fruit/fruit_0365.jpg,fruit
data/natural_images/fruit/fruit_0116.jpg,fruit
data/natural_images/fruit/fruit_0869.jpg,fruit
data/natural_images/fruit/fruit_0122.jpg,fruit
data/natural_images/fruit/fruit_0494.jpg,fruit
data/natural_images/fruit/fruit_0797.jpg,fruit
data/natural_images/fruit/fruit_0193.jpg,fruit
data/natural_images/fruit/fruit_0085.jpg,fruit
data/natural_images/fruit/fruit_0945.jpg,fruit
data/natural_images/fruit/fruit_0090.jpg,fruit
data/natural_images/fruit/fruit_0846.jpg,fruit
data/natural_images/fruit/fruit_0655.jpg,fruit
data/natural_images/fruit/fruit_0317.jpg,fruit
data/natural_images/fruit/fruit_0942.jpg,fruit
data/natural_images/fruit/fruit_0866.jpg,fruit
data/natural_images/fruit/fruit_0045.jpg,fruit
data/natural_images/fruit/fruit_0625.jpg,fruit
data/natural_images/fruit/fruit_0161.jpg,fruit
data/natural_images/fruit/fruit_0819.jpg,fruit
data/natural_images/fruit/fruit_0792.jpg,fruit
data/natural_images/fruit/fruit_0897.jpg,fruit
data/natural_images/fruit/fruit_0098.jpg,fruit
data/natural_images/fruit/fruit_0290.jpg,fruit
data/natural_images/fruit/fruit_0039.jpg,fruit
data/natural_images/fruit/fruit_0774.jpg,fruit
data/natural_images/fruit/fruit_0181.jpg,fruit
data/natural_images/fruit/fruit_0115.jpg,fruit
data/natural_images/fruit/fruit_0497.jpg,fruit
data/natural_images/fruit/fruit_0200.jpg,fruit
data/natural_images/fruit/fruit_0227.jpg,fruit
data/natural_images/fruit/fruit_0908.jpg,fruit
data/natural_images/fruit/fruit_0570.jpg,dog
data/natural_images/fruit/fruit_0552.jpg,fruit
data/natural_images/fruit/fruit_0899.jpg,fruit
data/natural_images/fruit/fruit_0790.jpg,fruit
data/natural_images/fruit/fruit_0740.jpg,fruit
data/natural_images/fruit/fruit_0893.jpg,fruit
data/natural_images/fruit/fruit_0385.jpg,fruit
data/natural_images/fruit/fruit_0685.jpg,fruit
data/natural_images/fruit/fruit_0416.jpg,fruit
data/natural_images/fruit/fruit_0003.jpg,fruit
data/natural_images/fruit/fruit_0878.jpg,fruit
data/natural_images/fruit/fruit_0931.jpg,fruit
data/natural_images/fruit/fruit_0994.jpg,fruit
data/natural_images/fruit/fruit_0137.jpg,fruit
data/natural_images/fruit/fruit_0109.jpg,fruit
data/natural_images/fruit/fruit_0263.jpg,fruit
data/natural_images/fruit/fruit_0526.jpg,fruit
data/natural_images/fruit/fruit_0937.jpg,cat
data/natural_images/fruit/fruit_0384.jpg,fruit
data/natural_images/fruit/fruit_0238.jpg,fruit
data/natural_images/fruit/fruit_0386.jpg,fruit
data/natural_images/fruit/fruit_0722.jpg,fruit
data/natural_images/fruit/fruit_0086.jpg,fruit
data/natural_images/fruit/fruit_0434.jpg,fruit
data/natural_images/fruit/fruit_0219.jpg,fruit
data/natural_images/fruit/fruit_0077.jpg,fruit
data/natural_images/fruit/fruit_0953.jpg,fruit
data/natural_images/fruit/fruit_0654.jpg,fruit
data/natural_images/fruit/fruit_0397.jpg,fruit
data/natural_images/fruit/fruit_0449.jpg,fruit
data/natural_images/fruit/fruit_0398.jpg,fruit
data/natural_images/fruit/fruit_0316.jpg,fruit
data/natural_images/fruit/fruit_0829.jpg,fruit
data/natural_images/fruit/fruit_0369.jpg,fruit
data/natural_images/fruit/fruit_0787.jpg,fruit
data/natural_images/fruit/fruit_0640.jpg,fruit
data/natural_images/fruit/fruit_0617.jpg,fruit
data/natural_images/fruit/fruit_0351.jpg,fruit
data/natural_images/fruit/fruit_0019.jpg,fruit
data/natural_images/fruit/fruit_0151.jpg,fruit
data/natural_images/fruit/fruit_0665.jpg,fruit
data/natural_images/fruit/fruit_0119.jpg,fruit
data/natural_images/cat/cat_0877.jpg,cat
data/natural_images/cat/cat_0780.jpg,cat
data/natural_images/cat/cat_0443.jpg,cat
data/natural_images/cat/cat_0559.jpg,cat
data/natural_images/cat/cat_0776.jpg,dog
data/natural_images/cat/cat_0562.jpg,fruit
data/natural_images/cat/cat_0273.jpg,cat
data/natural_images/cat/cat_0208.jpg,cat
data/natural_images/cat/cat_0328.jpg,cat
data/natural_images/cat/cat_0243.jpg,cat
data/natural_images/cat/cat_0174.jpg,flower
data/natural_images/cat/cat_0398.jpg,flower
data/natural_images/cat/cat_0688.jpg,car
data/natural_images/cat/cat_0247.jpg,cat
data/natural_images/cat/cat_0799.jpg,cat
data/natural_images/cat/cat_0439.jpg,cat
data/natural_images/cat/cat_0248.jpg,cat
data/natural_images/cat/cat_0832.jpg,cat
data/natural_images/cat/cat_0494.jpg,flower
data/natural_images/cat/cat_0021.jpg,cat
data/natural_images/cat/cat_0296.jpg,cat
data/natural_images/cat/cat_0401.jpg,airplane
data/natural_images/cat/cat_0166.jpg,dog
data/natural_images/cat/cat_0238.jpg,flower
data/natural_images/cat/cat_0103.jpg,cat
data/natural_images/cat/cat_0790.jpg,cat
data/natural_images/cat/cat_0773.jpg,cat
data/natural_images/cat/cat_0437.jpg,airplane
data/natural_images/cat/cat_0023.jpg,motorbike
data/natural_images/cat/cat_0518.jpg,airplane
data/natural_images/cat/cat_0737.jpg,dog
data/natural_images/cat/cat_0236.jpg,cat
data/natural_images/cat/cat_0306.jpg,car
data/natural_images/cat/cat_0346.jpg,dog
data/natural_images/cat/cat_0191.jpg,cat
data/natural_images/cat/cat_0435.jpg,cat
data/natural_images/cat/cat_0284.jpg,flower
data/natural_images/cat/cat_0100.jpg,cat
data/natural_images/cat/cat_0176.jpg,cat
data/natural_images/cat/cat_0470.jpg,cat
data/natural_images/cat/cat_0561.jpg,cat
data/natural_images/cat/cat_0290.jpg,dog
data/natural_images/cat/cat_0546.jpg,dog
data/natural_images/cat/cat_0827.jpg,dog
data/natural_images/cat/cat_0507.jpg,flower
data/natural_images/cat/cat_0110.jpg,flower
data/natural_images/cat/cat_0766.jpg,cat
data/natural_images/cat/cat_0241.jpg,dog
data/natural_images/cat/cat_0403.jpg,fruit
data/natural_images/cat/cat_0822.jpg,cat
data/natural_images/cat/cat_0216.jpg,cat
data/natural_images/cat/cat_0572.jpg,dog
data/natural_images/cat/cat_0332.jpg,dog
data/natural_images/cat/cat_0427.jpg,cat
data/natural_images/cat/cat_0031.jpg,dog
data/natural_images/cat/cat_0741.jpg,cat
data/natural_images/cat/cat_0101.jpg,flower
data/natural_images/cat/cat_0511.jpg,flower
data/natural_images/cat/cat_0165.jpg,dog
data/natural_images/cat/cat_0596.jpg,cat
data/natural_images/cat/cat_0816.jpg,flower
data/natural_images/cat/cat_0286.jpg,cat
data/natural_images/cat/cat_0612.jpg,dog
data/natural_images/cat/cat_0036.jpg,fruit
data/natural_images/cat/cat_0076.jpg,cat
data/natural_images/cat/cat_0782.jpg,cat
data/natural_images/cat/cat_0381.jpg,cat
data/natural_images/cat/cat_0131.jpg,cat
data/natural_images/cat/cat_0366.jpg,dog
data/natural_images/cat/cat_0455.jpg,cat
data/natural_images/cat/cat_0436.jpg,cat
data/natural_images/cat/cat_0188.jpg,cat
data/natural_images/cat/cat_0560.jpg,flower
data/natural_images/cat/cat_0295.jpg,cat
data/natural_images/cat/cat_0622.jpg,dog
data/natural_images/cat/cat_0689.jpg,dog
data/natural_images/cat/cat_0399.jpg,person
data/natural_images/cat/cat_0805.jpg,person
data/natural_images/cat/cat_0224.jpg,cat
data/natural_images/cat/cat_0178.jpg,cat
data/natural_images/cat/cat_0585.jpg,person
data/natural_images/cat/cat_0189.jpg,flower
data/natural_images/cat/cat_0080.jpg,cat
data/natural_images/cat/cat_0453.jpg,airplane
data/natural_images/cat/cat_0694.jpg,dog
data/natural_images/cat/cat_0434.jpg,cat
data/natural_images/cat/cat_0214.jpg,flower
data/natural_images/cat/cat_0254.jpg,dog
data/natural_images/cat/cat_0062.jpg,fruit
data/natural_images/cat/cat_0374.jpg,cat
data/natural_images/cat/cat_0614.jpg,cat
data/natural_images/cat/cat_0242.jpg,cat
data/natural_images/cat/cat_0636.jpg,airplane
data/natural_images/cat/cat_0730.jpg,cat
data/natural_images/cat/cat_0498.jpg,motorbike
data/natural_images/cat/cat_0501.jpg,dog
data/natural_images/cat/cat_0802.jpg,dog
data/natural_images/cat/cat_0516.jpg,cat
data/natural_images/cat/cat_0231.jpg,cat
data/natural_images/cat/cat_0140.jpg,dog
data/natural_images/cat/cat_0009.jpg,airplane
data/natural_images/cat/cat_0256.jpg,dog
data/natural_images/cat/cat_0222.jpg,fruit
data/natural_images/cat/cat_0204.jpg,cat
data/natural_images/cat/cat_0701.jpg,cat
data/natural_images/cat/cat_0139.jpg,car
data/natural_images/cat/cat_0136.jpg,fruit
data/natural_images/cat/cat_0202.jpg,flower
data/natural_images/cat/cat_0658.jpg,cat
data/natural_images/cat/cat_0429.jpg,cat
data/natural_images/cat/cat_0634.jpg,fruit
data/natural_images/cat/cat_0666.jpg,cat
data/natural_images/cat/cat_0880.jpg,cat
data/natural_images/cat/cat_0420.jpg,cat
data/natural_images/cat/cat_0806.jpg,flower
data/natural_images/cat/cat_0533.jpg,dog
data/natural_images/cat/cat_0627.jpg,cat
data/natural_images/cat/cat_0105.jpg,dog
data/natural_images/cat/cat_0761.jpg,cat
data/natural_images/cat/cat_0175.jpg,flower
data/natural_images/cat/cat_0060.jpg,dog
data/natural_images/cat/cat_0850.jpg,dog
data/natural_images/cat/cat_0577.jpg,cat
data/natural_images/cat/cat_0218.jpg,dog
data/natural_images/cat/cat_0124.jpg,person
data/natural_images/cat/cat_0093.jpg,dog
data/natural_images/cat/cat_0155.jpg,dog
data/natural_images/cat/cat_0860.jpg,dog
data/natural_images/cat/cat_0595.jpg,cat
data/natural_images/cat/cat_0122.jpg,dog
data/natural_images/cat/cat_0392.jpg,dog
data/natural_images/cat/cat_0343.jpg,cat
data/natural_images/cat/cat_0300.jpg,cat
data/natural_images/cat/cat_0537.jpg,fruit
data/natural_images/cat/cat_0450.jpg,dog
data/natural_images/cat/cat_0126.jpg,cat
data/natural_images/cat/cat_0045.jpg,dog
data/natural_images/cat/cat_0293.jpg,cat
data/natural_images/cat/cat_0590.jpg,dog
data/natural_images/cat/cat_0480.jpg,cat
data/natural_images/cat/cat_0611.jpg,cat
data/natural_images/cat/cat_0778.jpg,cat
data/natural_images/cat/cat_0433.jpg,car
data/natural_images/cat/cat_0809.jpg,cat
data/natural_images/cat/cat_0373.jpg,cat
data/natural_images/cat/cat_0484.jpg,cat
data/natural_images/cat/cat_0217.jpg,cat
data/natural_images/cat/cat_0095.jpg,cat
data/natural_images/cat/cat_0054.jpg,cat
data/natural_images/cat/cat_0052.jpg,dog
data/natural_images/cat/cat_0402.jpg,dog
data/natural_images/cat/cat_0407.jpg,cat
data/natural_images/cat/cat_0868.jpg,cat
data/natural_images/cat/cat_0096.jpg,cat
data/natural_images/cat/cat_0573.jpg,flower
data/natural_images/cat/cat_0007.jpg,dog
data/natural_images/cat/cat_0786.jpg,flower
data/natural_images/cat/cat_0854.jpg,cat
data/natural_images/cat/cat_0625.jpg,dog
data/natural_images/cat/cat_0090.jpg,dog
data/natural_images/cat/cat_0086.jpg,dog
data/natural_images/cat/cat_0253.jpg,cat
data/natural_images/cat/cat_0838.jpg,cat
data/natural_images/cat/cat_0389.jpg,flower
data/natural_images/cat/cat_0160.jpg,person
data/natural_images/cat/cat_0830.jpg,flower
data/natural_images/cat/cat_0696.jpg,dog
data/natural_images/cat/cat_0120.jpg,cat
data/natural_images/cat/cat_0363.jpg,cat
data/natural_images/cat/cat_0404.jpg,flower
data/natural_images/cat/cat_0876.jpg,cat
data/natural_images/cat/cat_0738.jpg,person
data/natural_images/cat/cat_0377.jpg,flower
data/natural_images/cat/cat_0812.jpg,cat
data/natural_images/cat/cat_0116.jpg,cat
data/natural_images/cat/cat_0863.jpg,dog
data/natural_images/cat/cat_0762.jpg,cat
data/natural_images/person/person_0748.jpg,person
data/natural_images/person/person_0283.jpg,person
data/natural_images/person/person_0980.jpg,person
data/natural_images/person/person_0827.jpg,person
data/natural_images/person/person_0311.jpg,person
data/natural_images/person/person_0059.jpg,person
data/natural_images/person/person_0338.jpg,person
data/natural_images/person/person_0869.jpg,person
data/natural_images/person/person_0919.jpg,person
data/natural_images/person/person_0925.jpg,dog
data/natural_images/person/person_0942.jpg,person
data/natural_images/person/person_0173.jpg,person
data/natural_images/person/person_0241.jpg,person
data/natural_images/person/person_0263.jpg,person
data/natural_images/person/person_0824.jpg,person
data/natural_images/person/person_0692.jpg,cat
data/natural_images/person/person_0130.jpg,person
data/natural_images/person/person_0549.jpg,person
data/natural_images/person/person_0270.jpg,person
data/natural_images/person/person_0550.jpg,person
data/natural_images/person/person_0678.jpg,person
data/natural_images/person/person_0488.jpg,person
data/natural_images/person/person_0726.jpg,person
data/natural_images/person/person_0465.jpg,person
data/natural_images/person/person_0513.jpg,person
data/natural_images/person/person_0452.jpg,person
data/natural_images/person/person_0685.jpg,person
data/natural_images/person/person_0025.jpg,person
data/natural_images/person/person_0918.jpg,person
data/natural_images/person/person_0880.jpg,person
data/natural_images/person/person_0955.jpg,person
data/natural_images/person/person_0014.jpg,person
data/natural_images/person/person_0813.jpg,person
data/natural_images/person/person_0484.jpg,person
data/natural_images/person/person_0278.jpg,person
data/natural_images/person/person_0573.jpg,person
data/natural_images/person/person_0281.jpg,person
data/natural_images/person/person_0422.jpg,person
data/natural_images/person/person_0861.jpg,person
data/natural_images/person/person_0269.jpg,person
data/natural_images/person/person_0101.jpg,person
data/natural_images/person/person_0571.jpg,cat
data/natural_images/person/person_0929.jpg,person
data/natural_images/person/person_0784.jpg,person
data/natural_images/person/person_0113.jpg,person
data/natural_images/person/person_0267.jpg,person
data/natural_images/person/person_0975.jpg,person
data/natural_images/person/person_0366.jpg,person
data/natural_images/person/person_0045.jpg,person
data/natural_images/person/person_0134.jpg,person
data/natural_images/person/person_0244.jpg,person
data/natural_images/person/person_0012.jpg,person
data/natural_images/person/person_0343.jpg,person
data/natural_images/person/person_0290.jpg,person
data/natural_images/person/person_0247.jpg,person
data/natural_images/person/person_0669.jpg,person
data/natural_images/person/person_0927.jpg,person
data/natural_images/person/person_0810.jpg,person
data/natural_images/person/person_0209.jpg,dog
data/natural_images/person/person_0882.jpg,person
data/natural_images/person/person_0746.jpg,person
data/natural_images/person/person_0169.jpg,person
data/natural_images/person/person_0899.jpg,person
data/natural_images/person/person_0202.jpg,person
data/natural_images/person/person_0947.jpg,fruit
data/natural_images/person/person_0948.jpg,person
data/natural_images/person/person_0688.jpg,person
data/natural_images/person/person_0017.jpg,person
data/natural_images/person/person_0802.jpg,person
data/natural_images/person/person_0001.jpg,person
data/natural_images/person/person_0472.jpg,person
data/natural_images/person/person_0786.jpg,person
data/natural_images/person/person_0464.jpg,person
data/natural_images/person/person_0109.jpg,person
data/natural_images/person/person_0896.jpg,person
data/natural_images/person/person_0603.jpg,person
data/natural_images/person/person_0380.jpg,person
data/natural_images/person/person_0847.jpg,person
data/natural_images/person/person_0036.jpg,person
data/natural_images/person/person_0653.jpg,car
data/natural_images/person/person_0775.jpg,person
data/natural_images/person/person_0379.jpg,person
data/natural_images/person/person_0486.jpg,person
data/natural_images/person/person_0203.jpg,cat
data/natural_images/person/person_0170.jpg,person
data/natural_images/person/person_0233.jpg,person
data/natural_images/person/person_0527.jpg,person
data/natural_images/person/person_0908.jpg,person
data/natural_images/person/person_0872.jpg,person
data/natural_images/person/person_0184.jpg,person
data/natural_images/person/person_0628.jpg,person
data/natural_images/person/person_0857.jpg,person
data/natural_images/person/person_0098.jpg,person
data/natural_images/person/person_0516.jpg,person
data/natural_images/person/person_0479.jpg,person
data/natural_images/person/person_0390.jpg,person
data/natural_images/person/person_0645.jpg,person
data/natural_images/person/person_0735.jpg,person
data/natural_images/person/person_0413.jpg,person
data/natural_images/person/person_0754.jpg,person
data/natural_images/person/person_0332.jpg,person
data/natural_images/person/person_0543.jpg,person
data/natural_images/person/person_0185.jpg,person
data/natural_images/person/person_0974.jpg,person
data/natural_images/person/person_0644.jpg,person
data/natural_images/person/person_0417.jpg,person
data/natural_images/person/person_0510.jpg,person
data/natural_images/person/person_0638.jpg,person
data/natural_images/person/person_0159.jpg,person
data/natural_images/person/person_0547.jpg,person
data/natural_images/person/person_0876.jpg,person
data/natural_images/person/person_0780.jpg,person
data/natural_images/person/person_0766.jpg,person
data/natural_images/person/person_0441.jpg,person
data/natural_images/person/person_0622.jpg,person
data/natural_images/person/person_0698.jpg,person
data/natural_images/person/person_0773.jpg,person
data/natural_images/person/person_0090.jpg,person
data/natural_images/person/person_0871.jpg,person
data/natural_images/person/person_0182.jpg,person
data/natural_images/person/person_0335.jpg,person
data/natural_images/person/person_0683.jpg,person
data/natural_images/person/person_0056.jpg,person
data/natural_images/person/person_0897.jpg,person
data/natural_images/person/person_0838.jpg,cat
data/natural_images/person/person_0609.jpg,person
data/natural_images/person/person_0502.jpg,car
data/natural_images/person/person_0777.jpg,person
data/natural_images/person/person_0706.jpg,person
data/natural_images/person/person_0220.jpg,person
data/natural_images/person/person_0835.jpg,person
data/natural_images/person/person_0232.jpg,person
data/natural_images/person/person_0242.jpg,cat
data/natural_images/person/person_0552.jpg,person
data/natural_images/person/person_0858.jpg,fruit
data/natural_images/person/person_0089.jpg,person
data/natural_images/person/person_0177.jpg,person
data/natural_images/person/person_0490.jpg,person
data/natural_images/person/person_0234.jpg,person
data/natural_images/person/person_0453.jpg,person
data/natural_images/person/person_0355.jpg,person
data/natural_images/person/person_0327.jpg,person
data/natural_images/person/person_0874.jpg,person
data/natural_images/person/person_0221.jpg,person
data/natural_images/person/person_0087.jpg,person
data/natural_images/person/person_0520.jpg,person
data/natural_images/person/person_0658.jpg,person
data/natural_images/person/person_0035.jpg,person
data/natural_images/person/person_0652.jpg,person
data/natural_images/person/person_0703.jpg,person
data/natural_images/person/person_0469.jpg,person
data/natural_images/person/person_0365.jpg,person
data/natural_images/person/person_0397.jpg,person
data/natural_images/person/person_0717.jpg,person
data/natural_images/person/person_0941.jpg,person
data/natural_images/person/person_0425.jpg,person
data/natural_images/person/person_0093.jpg,person
data/natural_images/person/person_0554.jpg,person
data/natural_images/person/person_0466.jpg,car
data/natural_images/person/person_0228.jpg,person
data/natural_images/person/person_0796.jpg,person
data/natural_images/person/person_0097.jpg,person
data/natural_images/person/person_0179.jpg,person
data/natural_images/person/person_0153.jpg,person
data/natural_images/person/person_0608.jpg,person
data/natural_images/person/person_0399.jpg,person
data/natural_images/person/person_0963.jpg,person
data/natural_images/person/person_0439.jpg,person
data/natural_images/person/person_0724.jpg,person
data/natural_images/person/person_0494.jpg,person
data/natural_images/person/person_0266.jpg,person
data/natural_images/person/person_0419.jpg,person
data/natural_images/person/person_0640.jpg,person
data/natural_images/person/person_0728.jpg,person
data/natural_images/person/person_0274.jpg,person
data/natural_images/person/person_0615.jpg,person
data/natural_images/person/person_0676.jpg,person
data/natural_images/person/person_0840.jpg,person
data/natural_images/person/person_0100.jpg,person
data/natural_images/person/person_0937.jpg,person
data/natural_images/person/person_0499.jpg,person
data/natural_images/person/person_0344.jpg,person
data/natural_images/person/person_0945.jpg,person
data/natural_images/person/person_0377.jpg,person
data/natural_images/person/person_0704.jpg,person
data/natural_images/person/person_0556.jpg,person
data/natural_images/person/person_0068.jpg,person
data/natural_images/person/person_0774.jpg,person
data/natural_images/person/person_0794.jpg,person
data/natural_images/person/person_0886.jpg,person
data/natural_images/person/person_0788.jpg,person
data/natural_images/person/person_0223.jpg,person
data/natural_images/person/person_0316.jpg,person
data/natural_images/person/person_0115.jpg,cat
data/natural_images/person/person_0936.jpg,person
data/natural_images/person/person_0152.jpg,person
data/natural_images/person/person_0702.jpg,person
data/natural_images/person/person_0324.jpg,person
data/natural_images/airplane/airplane_0070.jpg,airplane
data/natural_images/airplane/airplane_0034.jpg,airplane
data/natural_images/airplane/airplane_0087.jpg,airplane
data/natural_images/airplane/airplane_0099.jpg,airplane
data/natural_images/airplane/airplane_0713.jpg,airplane
data/natural_images/airplane/airplane_0574.jpg,airplane
data/natural_images/airplane/airplane_0010.jpg,cat
data/natural_images/airplane/airplane_0295.jpg,airplane
data/natural_images/airplane/airplane_0086.jpg,airplane
data/natural_images/airplane/airplane_0715.jpg,airplane
data/natural_images/airplane/airplane_0649.jpg,airplane
data/natural_images/airplane/airplane_0303.jpg,airplane
data/natural_images/airplane/airplane_0132.jpg,airplane
data/natural_images/airplane/airplane_0453.jpg,airplane
data/natural_images/airplane/airplane_0041.jpg,airplane
data/natural_images/airplane/airplane_0480.jpg,fruit
data/natural_images/airplane/airplane_0451.jpg,airplane
data/natural_images/airplane/airplane_0420.jpg,airplane
data/natural_images/airplane/airplane_0366.jpg,airplane
data/natural_images/airplane/airplane_0615.jpg,flower
data/natural_images/airplane/airplane_0120.jpg,airplane
data/natural_images/airplane/airplane_0479.jpg,flower
data/natural_images/airplane/airplane_0287.jpg,airplane
data/natural_images/airplane/airplane_0082.jpg,airplane
data/natural_images/airplane/airplane_0598.jpg,airplane
data/natural_images/airplane/airplane_0373.jpg,flower
data/natural_images/airplane/airplane_0239.jpg,airplane
data/natural_images/airplane/airplane_0071.jpg,airplane
data/natural_images/airplane/airplane_0523.jpg,airplane
data/natural_images/airplane/airplane_0130.jpg,airplane
data/natural_images/airplane/airplane_0726.jpg,airplane
data/natural_images/airplane/airplane_0542.jpg,car
data/natural_images/airplane/airplane_0548.jpg,airplane
data/natural_images/airplane/airplane_0467.jpg,airplane
data/natural_images/airplane/airplane_0316.jpg,airplane
data/natural_images/airplane/airplane_0334.jpg,airplane
data/natural_images/airplane/airplane_0374.jpg,fruit
data/natural_images/airplane/airplane_0064.jpg,airplane
data/natural_images/airplane/airplane_0297.jpg,airplane
data/natural_images/airplane/airplane_0550.jpg,airplane
data/natural_images/airplane/airplane_0007.jpg,airplane
data/natural_images/airplane/airplane_0174.jpg,airplane
data/natural_images/airplane/airplane_0152.jpg,airplane
data/natural_images/airplane/airplane_0418.jpg,airplane
data/natural_images/airplane/airplane_0309.jpg,airplane
data/natural_images/airplane/airplane_0631.jpg,airplane
data/natural_images/airplane/airplane_0246.jpg,airplane
data/natural_images/airplane/airplane_0367.jpg,airplane
data/natural_images/airplane/airplane_0437.jpg,airplane
data/natural_images/airplane/airplane_0670.jpg,airplane
data/natural_images/airplane/airplane_0447.jpg,airplane
data/natural_images/airplane/airplane_0706.jpg,airplane
data/natural_images/airplane/airplane_0680.jpg,cat
data/natural_images/airplane/airplane_0502.jpg,airplane
data/natural_images/airplane/airplane_0442.jpg,airplane
data/natural_images/airplane/airplane_0369.jpg,airplane
data/natural_images/airplane/airplane_0377.jpg,airplane
data/natural_images/airplane/airplane_0488.jpg,airplane
data/natural_images/airplane/airplane_0678.jpg,airplane
data/natural_images/airplane/airplane_0329.jpg,airplane
data/natural_images/airplane/airplane_0350.jpg,airplane
data/natural_images/airplane/airplane_0204.jpg,airplane
data/natural_images/airplane/airplane_0106.jpg,airplane
data/natural_images/airplane/airplane_0390.jpg,airplane
data/natural_images/airplane/airplane_0436.jpg,airplane
data/natural_images/airplane/airplane_0573.jpg,airplane
data/natural_images/airplane/airplane_0485.jpg,dog
data/natural_images/airplane/airplane_0676.jpg,airplane
data/natural_images/airplane/airplane_0212.jpg,airplane
data/natural_images/airplane/airplane_0170.jpg,airplane
data/natural_images/airplane/airplane_0168.jpg,airplane
data/natural_images/airplane/airplane_0666.jpg,airplane
data/natural_images/airplane/airplane_0362.jpg,cat
data/natural_images/airplane/airplane_0187.jpg,airplane
data/natural_images/airplane/airplane_0425.jpg,airplane
data/natural_images/airplane/airplane_0592.jpg,airplane
data/natural_images/airplane/airplane_0065.jpg,airplane
data/natural_images/airplane/airplane_0100.jpg,airplane
data/natural_images/airplane/airplane_0545.jpg,airplane
data/natural_images/airplane/airplane_0195.jpg,airplane
data/natural_images/airplane/airplane_0463.jpg,airplane
data/natural_images/airplane/airplane_0601.jpg,airplane
data/natural_images/airplane/airplane_0136.jpg,flower
data/natural_images/airplane/airplane_0569.jpg,dog
data/natural_images/airplane/airplane_0529.jpg,airplane
data/natural_images/airplane/airplane_0304.jpg,airplane
data/natural_images/airplane/airplane_0129.jpg,airplane
data/natural_images/airplane/airplane_0602.jpg,airplane
data/natural_images/airplane/airplane_0671.jpg,airplane
data/natural_images/airplane/airplane_0094.jpg,dog
data/natural_images/airplane/airplane_0088.jpg,airplane
data/natural_images/airplane/airplane_0222.jpg,airplane
data/natural_images/airplane/airplane_0179.jpg,airplane
data/natural_images/airplane/airplane_0471.jpg,airplane
data/natural_images/airplane/airplane_0258.jpg,airplane
data/natural_images/airplane/airplane_0265.jpg,airplane
data/natural_images/airplane/airplane_0250.jpg,airplane
data/natural_images/airplane/airplane_0413.jpg,airplane
data/natural_images/airplane/airplane_0462.jpg,airplane
data/natural_images/airplane/airplane_0606.jpg,airplane
data/natural_images/airplane/airplane_0699.jpg,airplane
data/natural_images/airplane/airplane_0464.jpg,airplane
data/natural_images/airplane/airplane_0441.jpg,airplane
data/natural_images/airplane/airplane_0360.jpg,airplane
data/natural_images/airplane/airplane_0603.jpg,airplane
data/natural_images/airplane/airplane_0427.jpg,airplane
data/natural_images/airplane/airplane_0499.jpg,airplane
data/natural_images/airplane/airplane_0656.jpg,airplane
data/natural_images/airplane/airplane_0407.jpg,airplane
data/natural_images/airplane/airplane_0710.jpg,airplane
data/natural_images/airplane/airplane_0326.jpg,airplane
data/natural_images/airplane/airplane_0283.jpg,cat
data/natural_images/airplane/airplane_0063.jpg,dog
data/natural_images/airplane/airplane_0269.jpg,airplane
data/natural_images/airplane/airplane_0358.jpg,airplane
data/natural_images/airplane/airplane_0011.jpg,airplane
data/natural_images/airplane/airplane_0186.jpg,dog
data/natural_images/airplane/airplane_0651.jpg,airplane
data/natural_images/airplane/airplane_0277.jpg,airplane
data/natural_images/airplane/airplane_0440.jpg,airplane
data/natural_images/airplane/airplane_0118.jpg,airplane
data/natural_images/airplane/airplane_0581.jpg,airplane
data/natural_images/airplane/airplane_0288.jpg,airplane
data/natural_images/airplane/airplane_0323.jpg,airplane
data/natural_images/airplane/airplane_0184.jpg,dog
data/natural_images/airplane/airplane_0123.jpg,airplane
data/natural_images/airplane/airplane_0619.jpg,airplane
data/natural_images/airplane/airplane_0208.jpg,airplane
data/natural_images/airplane/airplane_0210.jpg,airplane
data/natural_images/airplane/airplane_0476.jpg,airplane
data/natural_images/airplane/airplane_0256.jpg,airplane
data/natural_images/airplane/airplane_0325.jpg,airplane
data/natural_images/airplane/airplane_0116.jpg,airplane
data/natural_images/airplane/airplane_0570.jpg,airplane
data/natural_images/airplane/airplane_0645.jpg,airplane
data/natural_images/airplane/airplane_0686.jpg,airplane
data/natural_images/airplane/airplane_0411.jpg,airplane
data/natural_images/airplane/airplane_0046.jpg,airplane
data/natural_images/airplane/airplane_0141.jpg,airplane
data/natural_images/airplane/airplane_0528.jpg,airplane
data/natural_images/airplane/airplane_0032.jpg,cat
data/natural_images/airplane/airplane_0327.jpg,airplane
data/natural_images/airplane/airplane_0344.jpg,airplane
data/natural_images/airplane/airplane_0696.jpg,airplane
data/natural_images/airplane/airplane_0156.jpg,airplane
data/natural_images/airplane/airplane_0165.jpg,airplane
data/natural_images/motorbike/motorbike_0216.jpg,motorbike
data/natural_images/motorbike/motorbike_0359.jpg,motorbike
data/natural_images/motorbike/motorbike_0192.jpg,motorbike
data/natural_images/motorbike/motorbike_0051.jpg,motorbike
data/natural_images/motorbike/motorbike_0184.jpg,motorbike
data/natural_images/motorbike/motorbike_0621.jpg,motorbike
data/natural_images/motorbike/motorbike_0757.jpg,motorbike
data/natural_images/motorbike/motorbike_0208.jpg,motorbike
data/natural_images/motorbike/motorbike_0286.jpg,motorbike
data/natural_images/motorbike/motorbike_0630.jpg,motorbike
data/natural_images/motorbike/motorbike_0016.jpg,motorbike
data/natural_images/motorbike/motorbike_0734.jpg,motorbike
data/natural_images/motorbike/motorbike_0274.jpg,motorbike
data/natural_images/motorbike/motorbike_0366.jpg,motorbike
data/natural_images/motorbike/motorbike_0771.jpg,motorbike
data/natural_images/motorbike/motorbike_0517.jpg,motorbike
data/natural_images/motorbike/motorbike_0737.jpg,motorbike
data/natural_images/motorbike/motorbike_0325.jpg,motorbike
data/natural_images/motorbike/motorbike_0036.jpg,motorbike
data/natural_images/motorbike/motorbike_0413.jpg,motorbike
data/natural_images/motorbike/motorbike_0030.jpg,motorbike
data/natural_images/motorbike/motorbike_0154.jpg,motorbike
data/natural_images/motorbike/motorbike_0497.jpg,motorbike
data/natural_images/motorbike/motorbike_0611.jpg,motorbike
data/natural_images/motorbike/motorbike_0299.jpg,motorbike
data/natural_images/motorbike/motorbike_0457.jpg,motorbike
data/natural_images/motorbike/motorbike_0100.jpg,motorbike
data/natural_images/motorbike/motorbike_0582.jpg,motorbike
data/natural_images/motorbike/motorbike_0472.jpg,motorbike
data/natural_images/motorbike/motorbike_0350.jpg,motorbike
data/natural_images/motorbike/motorbike_0181.jpg,motorbike
data/natural_images/motorbike/motorbike_0604.jpg,motorbike
data/natural_images/motorbike/motorbike_0492.jpg,motorbike
data/natural_images/motorbike/motorbike_0578.jpg,motorbike
data/natural_images/motorbike/motorbike_0433.jpg,motorbike
data/natural_images/motorbike/motorbike_0581.jpg,motorbike
data/natural_images/motorbike/motorbike_0446.jpg,motorbike
data/natural_images/motorbike/motorbike_0020.jpg,motorbike
data/natural_images/motorbike/motorbike_0240.jpg,motorbike
data/natural_images/motorbike/motorbike_0434.jpg,motorbike
data/natural_images/motorbike/motorbike_0251.jpg,motorbike
data/natural_images/motorbike/motorbike_0151.jpg,motorbike
data/natural_images/motorbike/motorbike_0105.jpg,motorbike
data/natural_images/motorbike/motorbike_0188.jpg,motorbike
data/natural_images/motorbike/motorbike_0447.jpg,motorbike
data/natural_images/motorbike/motorbike_0167.jpg,motorbike
data/natural_images/motorbike/motorbike_0587.jpg,car
data/natural_images/motorbike/motorbike_0730.jpg,motorbike
data/natural_images/motorbike/motorbike_0602.jpg,motorbike
data/natural_images/motorbike/motorbike_0777.jpg,motorbike
data/natural_images/motorbike/motorbike_0663.jpg,motorbike
data/natural_images/motorbike/motorbike_0025.jpg,motorbike
data/natural_images/motorbike/motorbike_0202.jpg,motorbike
data/natural_images/motorbike/motorbike_0374.jpg,motorbike
data/natural_images/motorbike/motorbike_0552.jpg,motorbike
data/natural_images/motorbike/motorbike_0767.jpg,motorbike
data/natural_images/motorbike/motorbike_0147.jpg,motorbike
data/natural_images/motorbike/motorbike_0399.jpg,motorbike
data/natural_images/motorbike/motorbike_0664.jpg,motorbike
data/natural_images/motorbike/motorbike_0595.jpg,motorbike
data/natural_images/motorbike/motorbike_0164.jpg,motorbike
data/natural_images/motorbike/motorbike_0236.jpg,motorbike
data/natural_images/motorbike/motorbike_0652.jpg,motorbike
data/natural_images/motorbike/motorbike_0660.jpg,motorbike
data/natural_images/motorbike/motorbike_0507.jpg,motorbike
data/natural_images/motorbike/motorbike_0762.jpg,motorbike
data/natural_images/motorbike/motorbike_0258.jpg,flower
data/natural_images/motorbike/motorbike_0254.jpg,motorbike
data/natural_images/motorbike/motorbike_0044.jpg,motorbike
data/natural_images/motorbike/motorbike_0460.jpg,motorbike
data/natural_images/motorbike/motorbike_0723.jpg,motorbike
data/natural_images/motorbike/motorbike_0742.jpg,motorbike
data/natural_images/motorbike/motorbike_0369.jpg,motorbike
data/natural_images/motorbike/motorbike_0781.jpg,motorbike
data/natural_images/motorbike/motorbike_0312.jpg,motorbike
data/natural_images/motorbike/motorbike_0282.jpg,motorbike
data/natural_images/motorbike/motorbike_0509.jpg,motorbike
data/natural_images/motorbike/motorbike_0770.jpg,motorbike
data/natural_images/motorbike/motorbike_0709.jpg,motorbike
data/natural_images/motorbike/motorbike_0421.jpg,motorbike
data/natural_images/motorbike/motorbike_0735.jpg,motorbike
data/natural_images/motorbike/motorbike_0152.jpg,motorbike
data/natural_images/motorbike/motorbike_0622.jpg,motorbike
data/natural_images/motorbike/motorbike_0522.jpg,motorbike
data/natural_images/motorbike/motorbike_0343.jpg,flower
data/natural_images/motorbike/motorbike_0776.jpg,motorbike
data/natural_images/motorbike/motorbike_0562.jpg,motorbike
data/natural_images/motorbike/motorbike_0382.jpg,motorbike
data/natural_images/motorbike/motorbike_0636.jpg,motorbike
data/natural_images/motorbike/motorbike_0014.jpg,motorbike
data/natural_images/motorbike/motorbike_0186.jpg,motorbike
data/natural_images/motorbike/motorbike_0317.jpg,car
data/natural_images/motorbike/motorbike_0323.jpg,motorbike
data/natural_images/motorbike/motorbike_0594.jpg,motorbike
data/natural_images/motorbike/motorbike_0293.jpg,motorbike
data/natural_images/motorbike/motorbike_0599.jpg,motorbike
data/natural_images/motorbike/motorbike_0471.jpg,motorbike
data/natural_images/motorbike/motorbike_0510.jpg,motorbike
data/natural_images/motorbike/motorbike_0700.jpg,motorbike
data/natural_images/motorbike/motorbike_0658.jpg,motorbike
data/natural_images/motorbike/motorbike_0171.jpg,motorbike
data/natural_images/motorbike/motorbike_0035.jpg,motorbike
data/natural_images/motorbike/motorbike_0506.jpg,flower
data/natural_images/motorbike/motorbike_0137.jpg,motorbike
data/natural_images/motorbike/motorbike_0527.jpg,motorbike
data/natural_images/motorbike/motorbike_0146.jpg,motorbike
data/natural_images/motorbike/motorbike_0084.jpg,motorbike
data/natural_images/motorbike/motorbike_0756.jpg,flower
data/natural_images/motorbike/motorbike_0537.jpg,motorbike
data/natural_images/motorbike/motorbike_0292.jpg,motorbike
data/natural_images/motorbike/motorbike_0607.jpg,motorbike
data/natural_images/motorbike/motorbike_0326.jpg,motorbike
data/natural_images/motorbike/motorbike_0627.jpg,motorbike
data/natural_images/motorbike/motorbike_0010.jpg,motorbike
data/natural_images/motorbike/motorbike_0640.jpg,car
data/natural_images/motorbike/motorbike_0130.jpg,motorbike
data/natural_images/motorbike/motorbike_0377.jpg,motorbike
data/natural_images/motorbike/motorbike_0067.jpg,motorbike
data/natural_images/motorbike/motorbike_0315.jpg,motorbike
data/natural_images/motorbike/motorbike_0052.jpg,motorbike
data/natural_images/motorbike/motorbike_0515.jpg,motorbike
data/natural_images/motorbike/motorbike_0173.jpg,motorbike
data/natural_images/motorbike/motorbike_0720.jpg,motorbike
data/natural_images/motorbike/motorbike_0524.jpg,motorbike
data/natural_images/motorbike/motorbike_0153.jpg,motorbike
data/natural_images/motorbike/motorbike_0645.jpg,motorbike
data/natural_images/motorbike/motorbike_0569.jpg,motorbike
data/natural_images/motorbike/motorbike_0189.jpg,motorbike
data/natural_images/motorbike/motorbike_0335.jpg,motorbike
data/natural_images/motorbike/motorbike_0568.jpg,motorbike
data/natural_images/motorbike/motorbike_0071.jpg,motorbike
data/natural_images/motorbike/motorbike_0774.jpg,motorbike
data/natural_images/motorbike/motorbike_0541.jpg,motorbike
data/natural_images/motorbike/motorbike_0360.jpg,motorbike
data/natural_images/motorbike/motorbike_0463.jpg,motorbike
data/natural_images/motorbike/motorbike_0284.jpg,motorbike
data/natural_images/motorbike/motorbike_0386.jpg,dog
data/natural_images/motorbike/motorbike_0334.jpg,airplane
data/natural_images/motorbike/motorbike_0109.jpg,motorbike
data/natural_images/motorbike/motorbike_0144.jpg,motorbike
data/natural_images/motorbike/motorbike_0708.jpg,motorbike
data/natural_images/motorbike/motorbike_0218.jpg,motorbike
data/natural_images/motorbike/motorbike_0749.jpg,motorbike
data/natural_images/motorbike/motorbike_0311.jpg,motorbike
data/natural_images/motorbike/motorbike_0778.jpg,motorbike
data/natural_images/motorbike/motorbike_0424.jpg,motorbike
data/natural_images/motorbike/motorbike_0738.jpg,motorbike
data/natural_images/motorbike/motorbike_0725.jpg,motorbike
data/natural_images/motorbike/motorbike_0746.jpg,motorbike
data/natural_images/motorbike/motorbike_0264.jpg,motorbike
data/natural_images/motorbike/motorbike_0012.jpg,motorbike
data/natural_images/motorbike/motorbike_0226.jpg,motorbike
data/natural_images/motorbike/motorbike_0593.jpg,motorbike
data/natural_images/motorbike/motorbike_0211.jpg,motorbike
data/natural_images/motorbike/motorbike_0005.jpg,motorbike
data/natural_images/motorbike/motorbike_0469.jpg,motorbike
data/natural_images/motorbike/motorbike_0136.jpg,motorbike
data/natural_images/motorbike/motorbike_0571.jpg,motorbike
